country,first_name,last_name,first_paragraph
be,Guy,Verhofstadt,"Guy Maurice Marie-Louise Verhofstadt is een Belgisch politicus voor de Open Vlaamse Liberalen en Democraten. Hij was premier van België van 12 juli 1999 tot 20 maart 2008 in drie regeringen. Hij beëindigde zijn actieve politieke carrière in het Europees Parlement, waar hij van 2009 tot 2019 fractieleider van de Alliantie van Liberalen en Democraten voor Europa was."
be,Yves,Leterme,Yves Camille Désiré Leterme is een voormalig Belgisch politicus. Hij was onder meer Vlaams minister-president en premier van België. Hij was lang boegbeeld van de CD&V en boegbeeld van het toenmalige kartel CD&V/N-VA.
be,Herman,None,"Herman Achille graaf Van Rompuy is een Belgische politicus van de christendemocratische partij CD&V. Hij was tussen 30 december 2008 en 25 november 2009 de premier van België en van 1 januari 2010 tot en met 30 november 2014 voorzitter van de Europese Raad, in de media vaak incorrect ' president van Europa ' genoemd. Op 19 november 2009 werd bekendgemaakt dat hij was verkozen tot de eerste permanente voorzitter en op 1 maart 2012 werd Van Rompuy met algemene stemmen door de 27 staatshoofden en regeringsleiders van de EU voor een tweede mandaat benoemd. Na deze termijn was hij niet meer herkiesbaar."
be,Léon,Delacroix,Léon Fréderic Gustave Delacroix was een Belgisch katholiek politicus. Van 1918 tot 1920 was hij premier van België.
be,Henry,Carton,Henri Victor Marie Ghislain Carton de Wiart was een Belgische politicus. Hij was premier van 1920 tot 1921.
be,Georges,Theunis,Georges Emile Pierre Léonard Theunis was een Belgisch industrieel en politicus van de Katholieke Partij.
be,Aloïs,Van de Vyvere,Aloys Jean Maria Joseph Van de Vyvere was een Belgisch katholiek volksvertegenwoordiger en minister.
be,Prosper,Poullet,Prosper Antoine Marie Joseph burggraaf Poullet was een Belgisch politicus.
be,Henri,Jaspar,"Henri Jaspar was een Belgisch katholiek politicus, die twee keer premier van België was."
be,Jules,None,Jules Laurent Jean Louis Renkin was een Belgisch katholiek politicus.
be,Paul,Van Zeeland,"Paul Guillaume van Zeeland was een Belgisch advocaat, econoom, katholiek politicus en staatsman."
be,Achille,Van Acker,Achille Honoré Van Acker uitspraak ⓘ was een Belgisch socialistisch politicus. Hij was viermaal premier van België.
be,Camille,Huysmans,"Jean Joseph Camille Huysmans, geboren als Camiel Hansen, was een Belgisch journalist en socialistisch politicus voor de BWP / BSP."
be,Gaston,Eyskens,"Gaston François Marie burggraaf Eyskens was een Belgisch econoom, hoogleraar aan de Katholieke Universiteit Leuven en christendemocratisch politicus. Hij was driemaal eerste minister in de periode tussen 1949 en 1973. Hij was de eerste Belgische regeringsleider die geboren was in de 20e eeuw."
be,Leo,Tindemans,"Leonard Clemence Tindemans was een Belgisch politicus voor de CVP en minister van staat. Hij was eerste minister van twee regeringen in België en behaalde het grootste aantal voorkeurstemmen in de Belgische geschiedenis bij de Europese verkiezingen van 1979. Daardoor kreeg hij de bijnaam ""de man van 1 miljoen stemmen""."
be,Elio,Di Rupo,Elio Di Rupo is een Belgische politicus voor de Parti Socialiste. Van 6 december 2011 tot 11 oktober 2014 was hij premier van België en werd meermaals minister en minister-president van de Waalse Regering.
be,Jean-Luc,Dehaene,Jean Luc Joseph Marie Dehaene uitspraak ⓘ was van 1992 tot 1999 premier van België. Hij was lid van de toenmalige CVP. Onder zijn regering werd België een volwaardige federale staat. Dehaene leidde twee coalitieregeringen met de socialisten en bekleedde verschillende ministerposten voor hij in 1992 eerste minister werd. Van 2000 tot 2007 was hij burgemeester van Vilvoorde. In 2002 werd hij voorgedragen als vicevoorzitter van de Europese Conventie.
be,Frans,Schollaert,François Victor Marie Ghislain Schollaert was een Belgisch katholiek politicus.
be,Pieter,Decker,Pierre Jacques François de Decker was een Belgisch politicus en auteur.
be,Paul-Henri,Spaak,Paul-Henri Charles Spaak uitspraak ⓘ was een Belgisch socialistisch politicus en regeringsleider.
be,Auguste,Beernaert,Auguste Marie François Beernaert was een Belgisch katholiek politicus en mensenrechtenactivist. In 1909 won hij de Nobelprijs voor de Vrede.
be,Théodore,Lefèvre,"Théodore Joseph Albéric Marie Lefèvre was een Belgisch politicus. Hij was premier van België van 1961 tot 1965, aan het hoofd van de regering-Lefèvre-Spaak."
be,Paul,None,"Paul Emile François Henri Vanden Boeynants, in de media en door hemzelf bijgenaamd 'VDB', was een Belgisch volksvertegenwoordiger, minister en premier. Als ondernemer was hij actief in de vleesindustrie."
be,Étienne,Gerlache,"Etienne Constantin baron de Gerlache was advocaat, politicus en magistraat in het Verenigd Koninkrijk der Nederlanden en in België."
be,Wilfried,Martens,Wilfried Achiel Emma Martens uitspraak ⓘ was een Vlaams-Belgische politicus voor de CD&V en was van april 1979 tot maart 1992 eerste minister van België.
be,Mark,Eyskens,"Marc Maria Frans burggraaf Eyskens is een Belgische emeritus hoogleraar, econoom, politicus en essayist. Van april tot december 1981 was hij premier van België."
be,Pierre,Harmel,"Pierre Charles José Marie graaf Harmel was een Belgisch advocaat, hoogleraar en christendemocratisch staatsman."
be,Hubert,Pierlot,Hubert Marie Eugène Pierlot was de Belgische eerste minister van 1939 tot 1945.
be,Jean-Baptiste,Nothomb,Jean Baptiste Nothomb was een Belgisch staatsman en diplomaat die een belangrijke rol speelde bij het tot stand komen van de Belgische staat. Zo was hij een van de opstellers van de Belgische grondwet en onderhandelde hij over de verdragen die de Belgische onafhankelijkheid garandeerden.
be,Edmond,None,Edmond Jules Isidore Leburton was een Belgisch politicus voor de PSB.
be,Jean,None,Jean Pierre Armand Ghislain Marie Duvieusart was een Belgisch advocaat en katholiek politicus.
be,Joseph,Lebeau,"Jean Louis Joseph Lebeau was lid van het Nationaal Congres, Belgisch liberaal volksvertegenwoordiger en eerste minister."
be,Charles,Rogier,Charles Latour Rogier was een Belgisch politicus en een van de grondleggers van de Belgische staat.
be,Barthélemy,None,"Barthélemy-Théodore graaf de Theux de Meylandt was een Belgisch staatsman, eerste minister en lid van het Nationaal Congres."
be,Felix,None,Felix Amandus de Mûelenaere was een Belgisch unionistisch politicus.
be,Alexander,De Croo,Alexander Francis Herman De Croo is een Belgisch politicus voor Anders.. Tussen oktober 2020 en februari 2025 was De Croo premier van België van de zogenaamde Vivaldicoalitie. In 2025 werd hij aangesteld als directeur van het VN-Ontwikkelingsprogramma.
be,Henri,de Brouckère,"Henri Ghislain Joseph Marie Hyacinthe de Brouckère was een Belgisch liberaal politicus. Hij was onder meer eerste minister, volksvertegenwoordiger en lid van het Belgisch Nationaal Congres."
be,Albert,None,"Albert Joseph Goblet, sinds 1838 graaf Goblet d'Alviella was een Belgisch politicus en officier."
be,Sylvain,Weyer,"Jean-Sylvain Van de Weyer, beter bekend als Sylvain Van de Weyer, was een van de grondleggers van de Belgische Staat, en later ook eerste minister."
be,Jules,Burlet,Jules Philippe Marie de Burlet was een Belgisch katholiek politicus.
be,Paul-Émile,None,Paul-Emile Janson was de Belgische eerste minister van november 1937 tot mei 1938.
be,Jules,Malou,"Jules Edouard François-Xavier Malou was een Belgisch politicus. Hij was onder meer leider van de Katholieke Partij, volksvertegenwoordiger, senator en eerste minister."
be,Charles,Broqueville,Charles Marie Pierre Albert graaf de Broqueville was de Belgische kabinetsleider tijdens de Eerste Wereldoorlog en eerste minister van 22 oktober 1932 tot 20 november 1934. Hij was lid van de Katholieke Partij.
be,Joseph,Pholien,Joseph Clovis Louis Marie Emmanuel Pholien was een Belgisch politicus van de PSC.
be,Jean,Van Houtte,"Jean Maria Josephus baron Van Houtte was een Belgisch advocaat, hoogleraar en politicus van de CVP."
be,Walthère,Frère,Hubert Joseph Walthère Frère-Orban was een Belgisch liberaal politicus die zijn stempel heeft gedrukt op de eerste halve eeuw onafhankelijkheid van België.
be,Gérard,Cooreman,Gérard François Marie Cooreman was een Belgisch advocaat en politicus voor de katholieke Partij.
be,Jules,Vandenpeereboom,Jules Pierre Henri François Xavier Vandenpeereboom was een Belgisch katholiek politicus.
be,Paul,None,Paul Joseph graaf de Smet de Naeyer was een Belgisch katholiek politicus.
be,Jules,Trooz,Baron Jules Henri Ghislain Marie de Trooz was een Belgisch katholiek politicus.
be,Jules,d'Anethan,Jules Joseph d'Anethan was een Belgisch politicus. Hij was premier van 2 juli 1870 tot 7 december 1871.
be,Charles,Michel,"Charles Yves Jean Ghislaine Michel is een Belgisch politicus voor de partij Mouvement Réformateur. Van 11 oktober 2014 tot 27 oktober 2019 was hij premier van België in de regeringen Michel I en Michel II. Op 2 juli 2019 werd hij verkozen als voorzitter van de Europese Raad, in opvolging van Donald Tusk, een functie die hij van 1 december 2019 tot 30 november 2024 uitoefende."
be,Sophie,Wilmès,Sophie Wilmès is een Belgisch politica van de MR. Van 27 oktober 2019 tot 1 oktober 2020 was ze de eerste vrouwelijke premier van België. Ook was zij de eerste Belgische premier van Joodse komaf. Vanaf 1 oktober 2020 was ze vicepremier en minister van Buitenlandse Zaken en Buitenlandse Handel. Om familiale redenen legde ze op 21 april 2022 haar bevoegdheden als minister tijdelijk neer. Op 15 juli 2022 legde ze haar functie definitief neer.
us,George,Washington,"George Washington was a Founding Father and the first president of the United States, serving from 1789 to 1797. As commander of the Continental Army, Washington led Patriot forces to victory in the American Revolutionary War against the British Empire. He is commonly known as the Father of the Nation for his role in bringing about American independence."
us,Barack,Obama,"Barack Hussein Obama II is an American politician who served as the 44th president of the United States from 2009 to 2017. A member of the Democratic Party, he was the first African American president. Obama previously served as a U.S. senator representing Illinois from 2005 to 2008 and as an Illinois state senator from 1997 to 2004."
us,Abraham,Lincoln,"Abraham Lincoln was the 16th president of the United States, serving from 1861 until his assassination in 1865. He led the United States through the American Civil War, defeating the Confederate States and playing a major role in the abolition of slavery."
us,George,Bush,"George Walker Bush is an American politician, businessman, and former U.S. Air Force officer who served as the 43rd president of the United States from 2001 to 2009. A member of the Republican Party and the eldest son of the 41st president, George H. W. Bush, he served as the 46th governor of Texas from 1995 to 2000."
us,Bill,Clinton,"William Jefferson Clinton is an American politician and lawyer who served as the 42nd president of the United States from 1993 to 2001. A member of the Democratic Party, he previously served as the attorney general of Arkansas from 1977 to 1979 and as the governor of Arkansas from 1979 to 1981, and again from 1983 to 1992. His centrist "" Third Way "" political philosophy became known as Clintonism, which dominated his presidency and the succeeding decades of Democratic Party history."
us,Joe,Biden,"Joseph Robinette Biden Jr. is an American politician who was the 46th president of the United States from 2021 to 2025. A member of the Democratic Party, he represented Delaware in the United States Senate from 1973 to 2009 and also served as the 47th vice president under President Barack Obama from 2009 to 2017."
us,Franklin,Roosevelt,"Franklin Delano Roosevelt, also known as FDR, was the 32nd president of the United States, serving from 1933 until his death in 1945. He is the longest-serving U.S. president and the only one to have served more than two terms. His first two terms were centered on combating the Great Depression, while his third and fourth focused on U.S. involvement in World War II. A member of the Democratic Party, Roosevelt served in the New York State Senate from 1911 to 1913 and as the 44th governor of New York from 1929 to 1932."
us,Andrew,Johnson,"Andrew Johnson was the 17th president of the United States, serving from 1865 to 1869. The 16th vice president, he assumed the presidency following the assassination of Abraham Lincoln. Johnson was a War Democrat who ran with Lincoln on the National Union Party ticket in the 1864 presidential election, coming to office as the American Civil War concluded. Johnson favored quick restoration of the seceded states to the Union without protection for the newly freed people who were formerly enslaved, as well as pardoning ex-Confederates. This led to conflict with the Republican Party -dominated U.S. Congress, culminating in his impeachment by the House of Representatives in 1868. He was acquitted in the Senate by one vote."
us,Gerald,Ford,"Gerald Rudolph Ford Jr. was the 38th president of the United States, serving from 1974 to 1977. A member of the Republican Party, Ford assumed the presidency after the resignation of Richard Nixon, under whom he had served as the 40th vice president from 1973 to 1974 following the resignation of Spiro Agnew. Prior to that, he served as a member of the U.S. House of Representatives from 1949 to 1973."
us,Richard,Nixon,"Richard Milhous Nixon was the 37th president of the United States, serving from 1969 until his resignation in 1974. A member of the Republican Party, he represented California in both houses of the United States Congress before serving as the 36th vice president under President Dwight D. Eisenhower from 1953 to 1961. His presidency saw the reduction of U.S. involvement in the Vietnam War, détente with the Soviet Union and China, the Apollo 11 Moon landing, and the establishment of the Environmental Protection Agency and Occupational Safety and Health Administration. Nixon's second term ended early when he became the only U.S. president to resign from office, as a result of the Watergate scandal."
us,Lyndon,Johnson,"Lyndon Baines Johnson, also known as LBJ, was the 36th president of the United States, serving from 1963 to 1969. He became president after the assassination of John F. Kennedy, under whom he had served as the 37th vice president from 1961 to 1963. A Southern Democrat, Johnson previously represented Texas in Congress for over 23 years, first as a U.S. representative from 1937 to 1949, and then as a U.S. senator from 1949 to 1961."
us,John,Kennedy,"John Fitzgerald Kennedy, also known as JFK, was the 35th president of the United States, serving from 1961 until his assassination in 1963. He was the youngest person elected president at 43 years. Kennedy served at the height of the Cold War, and the majority of his foreign policy concerned relations with the Soviet Union and Cuba. A member of the Democratic Party, Kennedy represented Massachusetts in both houses of the United States Congress before his presidency."
us,Dwight,Eisenhower,"Dwight David "" Ike "" Eisenhower was the 34th president of the United States, serving from 1953 to 1961. During World War II, he was Supreme Commander of the Allied Expeditionary Force in Europe and achieved the five-star rank as General of the Army. Eisenhower planned and supervised two of the most consequential military campaigns of World War II: Operation Torch in the North Africa campaign in 1942–1943 and the invasion of Normandy in 1944."
us,Ronald,Reagan,"Ronald Wilson Reagan was an American politician and actor who served as the 40th president of the United States from 1981 to 1989. A member of the Republican Party, he became an important figure in the American conservative movement. The period encompassing his presidency is known as the Reagan era."
us,Harry,Truman,"Harry S. Truman was the 33rd president of the United States, serving from 1945 to 1953. As the 34th vice president in 1945, he assumed the presidency upon the death of Franklin D. Roosevelt that year. Subsequently, Truman implemented the Marshall Plan in the aftermath of World War II to rebuild the economy of Western Europe, and established both the Truman Doctrine and NATO to contain the expansion of Soviet communism. A member of the Democratic Party, he proposed numerous New Deal coalition liberal domestic reforms, but few were enacted by the conservative coalition that dominated the United States Congress."
us,John,Adams,"John Adams was a Founding Father and the second president of the United States from 1797 to 1801. Before his presidency, he was a leader of the American Revolution that achieved independence from Great Britain. During the latter part of the Revolutionary War and in the early years of the new nation, he served the Continental Congress of the United States as a senior diplomat in Europe. Adams was the first person to hold the office of vice president of the United States, serving from 1789 to 1797. He was a dedicated diarist and regularly corresponded with important contemporaries, including his wife and advisor Abigail Adams and his friend and rival Thomas Jefferson."
us,Thomas,Jefferson,"Thomas Jefferson was an American Founding Father and the third president of the United States from 1801 to 1809. He was the primary author of the Declaration of Independence. Jefferson was the nation's first U.S. secretary of state under George Washington and then the nation's second vice president under John Adams. Jefferson was a leading proponent of democracy, republicanism, and natural rights, and he produced formative documents and decisions at the state, national, and international levels."
us,James,Madison,"James Madison was an American statesman, diplomat, and Founding Father who served as the fourth president of the United States from 1809 to 1817. Madison was popularly acclaimed as the "" Father of the Constitution "" for his pivotal role in drafting and promoting the Constitution of the United States and the Bill of Rights."
us,James,Monroe,"James Monroe was an American Founding Father who served as the fifth president of the United States from 1817 to 1825. He was the last Founding Father to serve as president as well as the last president of the Virginia dynasty. Monroe was a member of the Democratic-Republican Party, and his presidency coincided with the Era of Good Feelings, concluding the First Party System era of American politics. He issued the Monroe Doctrine, a policy of limiting European colonialism in the Americas. Monroe previously served as Governor of Virginia, a member of the United States Senate, U.S. ambassador to France and Britain, the seventh secretary of state, and the eighth secretary of war."
us,John,Adams,"John Quincy Adams was the sixth president of the United States, serving from 1825 to 1829. He previously served as the eighth United States secretary of state from 1817 to 1825; minister to Great Britain, Prussia, and Russia; and senator for Massachusetts. After his presidency, Adams uniquely returned to Congress as a member of the lower house, where he died in 1848. He was the eldest son of John Adams, the second president, and First Lady Abigail Adams. Among his children were Charles Francis Adams Sr. Initially a Federalist like his father, Adams spent his presidency as a member of the Democratic-Republican Party, and later, in the mid-1830s, became affiliated with the Whig Party."
us,Andrew,Jackson,"Andrew Jackson was the seventh president of the United States from 1829 to 1837. He rose to fame as a U.S. Army general and served in both houses of the U.S. Congress. His political philosophy, which dominated his presidency, became the basis for the rise of Jacksonian democracy. His legacy is controversial: he has been praised as an advocate for white working Americans and preserving the union of states, and criticized for his racist policies, particularly towards Native Americans."
us,Martin,Van Buren,"Martin Van Buren was the eighth president of the United States, serving from 1837 to 1841. A primary founder of the Democratic Party, he held a number of prominent offices. Van Buren served as New York's attorney general and U.S. senator, then briefly as the ninth governor of New York. After joining Andrew Jackson's administration, he served as the tenth United States secretary of state, minister to the United Kingdom, and ultimately, as the eighth vice president from 1833 to 1837, after being elected on Jackson's ticket in 1832. Van Buren won the presidency in 1836 against divided Whig opponents. He lost re-election in 1840, and failed to win the Democratic nomination in 1844. Later in life, Van Buren re-emerged as an elder statesman and an anti-slavery leader who led the Free Soil Party ticket in the 1848 presidential election."
us,William,Harrison,"William Henry Harrison was the ninth president of the United States, serving from March 4 to April 4, 1841, the shortest presidency in U.S. history. He was also the first U.S. president to die in office, causing a brief constitutional crisis, since presidential succession was not then fully defined in the U.S. Constitution. Harrison was the last president born as a British subject in the Thirteen Colonies. He was a member of the Harrison family of Virginia, and a son of Benjamin Harrison V, who was a U.S. Founding Father. His own son John Scott Harrison was the father of Benjamin Harrison, the 23rd U.S. president."
us,John,Tyler,"John Tyler was the tenth president of the United States, serving from 1841 to 1845, after briefly holding office as the tenth vice president in 1841. He was elected vice president on the 1840 Whig ticket with William Henry Harrison, succeeding to the presidency following Harrison's death 31 days after assuming office as president. Tyler was a stalwart supporter and advocate of states' rights, including regarding slavery, and he adopted nationalistic policies as president only when they did not infringe on the states' powers. His unexpected rise to the presidency posed a threat to the presidential ambitions of Senator Henry Clay and other Whig politicians and left Tyler estranged from both major political parties at the time: the Whigs and the Democrats."
us,James,Polk,"James Knox Polk was the 11th president of the United States, serving from 1845 to 1849. A protégé of Andrew Jackson and a member of the Democratic Party, he was an advocate of American expansionism and Jacksonian democracy. Polk saw Texas join the Union in his first year in office, one of the precipitating causes that soon led the U.S. into the Mexican–American War. The settlement of that war expanded American territory to the Pacific Ocean. During his term, the dispute over the Oregon Territory with the United Kingdom was resolved as well, creating the present U.S.-Canadian boundary."
us,Zachary,Taylor,"Zachary Taylor was an American military officer and politician who was the 12th president of the United States, serving from 1849 until his death in 1850. Taylor was a career officer in the United States Army, rising to the rank of major general and becoming a national hero for his victories in the Mexican–American War. As a result, he won election to the White House despite his vague political beliefs. His top priority as president was to preserve the Union. He died 16 months into his term from a stomach disease. Taylor had the third-shortest presidential term in U.S. history."
us,Millard,Fillmore,"Millard Fillmore was the 13th president of the United States, serving from 1850 to 1853. He was the last president to be a member of the Whig Party while in the White House, and the last to be neither a Democrat nor a Republican. A former member of the U.S. House of Representatives, Fillmore was elected vice president in 1848, and succeeded to the presidency when Zachary Taylor died in 1850. Fillmore was instrumental in passing the Compromise of 1850, which led to a brief truce in the battle over the expansion of slavery."
us,Franklin,Pierce,"Franklin Pierce was the 14th president of the United States, serving from 1853 to 1857. A northern Democrat who believed that the abolitionist movement was a fundamental threat to national unity, he alienated anti-slavery groups by signing the Kansas–Nebraska Act and enforcing the Fugitive Slave Act. Conflict between North and South continued after Pierce's presidency, and, following Abraham Lincoln 's victory in the 1860 presidential election, the Southern states seceded, resulting in the American Civil War."
us,James,Buchanan,"James Buchanan Jr. was the 15th president of the United States, serving from 1857 to 1861. He also served as the 17th United States secretary of state from 1845 to 1849 and represented Pennsylvania in both houses of the U.S. Congress. Buchanan was an advocate for states' rights, particularly regarding slavery, and minimized the role of the federal government preceding the American Civil War."
us,Donald,Trump,"Donald John Trump is an American politician, media personality, and businessman who is the 47th president of the United States. A member of the Republican Party, he served as the 45th president from 2017 to 2021."
us,George,Bush,"George Herbert Walker Bush was the 41st president of the United States, serving from 1989 to 1993. A member of the Republican Party, he also served as the 43rd vice president under President Ronald Reagan from 1981 to 1989 and previously in various other federal positions."
us,Jimmy,Carter,"James Earl Carter Jr. was an American politician and humanitarian who served as the 39th president of the United States from 1977 to 1981. A member of the Democratic Party, Carter served from 1971 to 1975 as the 76th governor of Georgia and from 1963 to 1967 in the Georgia State Senate. He is the only U.S. president from Georgia, and he lived longer than any other president in U.S. history, reaching age 100."
us,Theodore,Roosevelt,"Theodore Roosevelt Jr., also known as Teddy or T. R., was the 26th president of the United States, serving from 1901 to 1909. Roosevelt previously was involved in New York politics, including serving as the state's 33rd governor for two years. He served as the 25th vice president under President William McKinley for six months in 1901, assuming the presidency after McKinley's assassination. As president, Roosevelt emerged as a leader of the Republican Party and became a driving force for anti-trust and Progressive Era policies."
us,Woodrow,Wilson,"Thomas Woodrow Wilson was the 28th president of the United States, serving from 1913 to 1921. He was the only Democrat to serve as president during the Progressive Era, when Republicans dominated the presidency and legislative branches. As president, Wilson made significant economic reforms and led the United States through World War I. He was the leading architect of the League of Nations, and his stance on foreign policy came to be known as Wilsonianism."
us,James,Garfield,"James Abram Garfield was the 20th president of the United States, serving from March 1881 until his death in September that year after being shot in July. A preacher, lawyer, and Civil War general, Garfield served nine terms in the United States House of Representatives and is the only sitting member of the House to be elected president. Before he ran for president, the Ohio General Assembly had elected him to the U.S. Senate, a position he declined upon becoming president-elect."
us,Ulysses,Grant,"Ulysses S. Grant was the 18th president of the United States, serving from 1869 to 1877. He previously led the Union Army to victory in the American Civil War in 1865 as commanding general."
us,William,McKinley,"William McKinley was the 25th president of the United States, serving from 1897 until his assassination in 1901. A member of the Republican Party, he led a realignment that made Republicans largely dominant in the industrial states and nationwide for decades. McKinley successfully led the U.S. in the Spanish–American War and oversaw a period of American expansionism, with the annexations of Hawaii, Puerto Rico, Guam, the Philippines, and American Samoa."
us,Stephen,Cleveland,"Stephen Grover Cleveland was the 22nd and 24th president of the United States, serving from 1885 to 1889 and from 1893 to 1897. He was the first U.S. president to serve two nonconsecutive terms and the first Democrat elected president after the American Civil War."
us,Herbert,Hoover,"Herbert Clark Hoover was the 31st president of the United States, serving from 1929 to 1933. A wealthy mining engineer before his presidency, Hoover led the wartime Commission for Relief in Belgium and was the director of the U.S. Food Administration, followed by post-war relief of Europe. As a member of the Republican Party, he served as the third United States secretary of commerce from 1921 to 1928 before being elected president in 1928. His presidency was dominated by the Great Depression, and his policies and methods to combat it were seen as inadequate and overly conservative. Amid his unpopularity, he decisively lost reelection to Franklin D. Roosevelt in 1932."
us,Warren,Harding,"Warren Gamaliel Harding was the 29th president of the United States, serving from 1921 until his death in 1923. A member of the Republican Party, he was one of the most popular presidents at the time of his death. After that, a number of scandals were exposed that greatly damaged his reputation."
us,Chester,Arthur,"Chester Alan Arthur was the 21st president of the United States, serving from 1881 to 1885. He was a Republican from New York who previously served as the 20th vice president under President James A. Garfield. Assuming the presidency after Garfield's assassination, Arthur's administration saw the largest expansion of the U.S. Navy, the end of the so-called "" spoils system "", and the implementation of harsher restrictions for migrants entering from abroad."
us,William,Taft,William Howard Taft was the 27th president of the United States from 1909 to 1913 and the tenth chief justice of the United States from 1921 to 1930. He is the only person to have held both offices.
us,Benjamin,Harrison,"Benjamin Harrison was the 23rd president of the United States, serving from 1889 to 1893. He was a member of the Harrison family of Virginia —a grandson of the ninth president, William Henry Harrison, and a great-grandson of Benjamin Harrison V, a Founding Father. A Union army veteran and a Republican, he defeated incumbent Grover Cleveland to win the presidency in 1888."
us,Rutherford,Hayes,"Rutherford Birchard Hayes was the 19th president of the United States, serving from 1877 to 1881. He served as Cincinnati 's city solicitor from 1858 to 1861 and was known as a staunch abolitionist who defended refugee slaves in court proceedings. At the start of the Civil War, Hayes left a fledgling political career to join the Union army. He was wounded five times, most seriously at the Battle of South Mountain in 1862. Hayes earned a reputation for bravery in combat, rising in the ranks to serve as brevet major general. After the war, he was a prominent member of the "" Half-Breed "" faction of the Republican Party. Hayes served in Congress from 1865 to 1867 and was elected governor of Ohio, serving two consecutive terms from 1868 to 1872 and half of a third two-year term from 1876 to 1877 before his swearing-in as president."
us,John,Coolidge,"Calvin Coolidge was the 30th president of the United States, serving from 1923 to 1929. A Republican lawyer from Massachusetts, he previously served as the 29th vice president from 1921 to 1923, under President Warren G. Harding, and as the 48th governor of Massachusetts from 1919 to 1921. Coolidge gained a reputation as a small-government conservative, with a taciturn personality and dry sense of humor that earned him the nickname "" Silent Cal ""."
ma,Mohammed,None,مُحمد السادس بن الحسن الثاني العلوي هو ملك المملكة المغربية منذ عام 1999 والملك الثالث والعشرون للمغرب من سلالة العلويين الفيلاليين ، تولى الحكم خلفًا لوالده الملك الحسن الثاني بعد وفاته، وبويع ملكًا يوم الجمعة 9 ربيع الثاني سنة 1420 هـ الموافق 23 يوليو 1999 بالقصر الملكي بالرباط.
ma,Hassan,None,الحَسَن الثاني بِنْ مُحمد بِنْ يوسف العَلوي هو ثاني ملوك المملكة المغربية بعد الإستقلال، والملك الثاني والعشرون للمغرب من سلالة العلويين الفيلاليين ، تولى حكم المملكة المغربية خلفًا لوالده الملك محمد الخامس في 26 فبراير 1961 وحتى وفاته في 23 يوليو 1999. ينتمي الملك الحسن الثاني إلى السلالة العلوية التي تعود في نسبها إلى الحسن بن علي بن أبي طالب ، وتحكم المغرب منذ عام 1666 ميلادية ويلقب الحاكم منهم بأمير المؤمنين.
ma,Mohammed,None,محمد الخامس بن يوسف بن الحسن بن محمد بن عبد الرحمن بن هشام بن محمد بن عبد الله بن إسماعيل بن الشريف بن علي العلوي وُلد وتوفي خَلَف والده السلطان مولاي يوسف الذي توفي بُكرة يوم الخميس 22 جمادى الأولى سنة 1346 هـ موافق 17 نوفمبر سنة 1927م فبويع ابنه سيدي محمد سلطانا للمغرب في اليوم الموالي بعد صلاة الجمعة 23 جمادى الأولى سنة 1346 هـ موافق 18 نوفمبر سنة 1927م في القصر السلطاني بفاس ولم يزل سلطان المغرب إلى سنة 1957م ، قضى منها المنفى بين ، ثم اتخذ لقب الملك سنة 1957م ولم يزل ملكا إلى وفاته سنة 1961م ، ساند السلطان محمد الخامس نضالات الحركة الوطنية المغربية المطالبة بتحقيق الاستقلال ، الشيء الذي دفعه إلى الاصطدام بسلطات الحماية. وكانت النتيجة قيام سلطات الحماية بنفيه إلى مدغشقر. وعلى إثر ذلك اندلعت مظاهرات مطالبة بعودته إلى وطنه. وأمام اشتداد حدة المظاهرات، قبلت السلطات الفرنسية بإرجاع السلطان إلى عرشه يوم 16 نوفمبر 1955. وبعد بضعة شهور تم إعلان استقلال المغرب. كان الملك محمد الخامس يكنى: أبا عبد الله.
ma,Mohammed,None,أبو عبد الله محمد بن محمد ابن علي بن مخلوف بن زيدان الملقب بالقائم بأمر الله عميد الأسرة السعدية وأول سلطان للمغرب من الأسرة السعدية، حكم بين 1509 - 1517.
fr,François,Hollande,"François Hollande ⓘ, né le 12 août 1954 à Rouen, est un haut fonctionnaire et homme d'État français. Il est président de la République française du 15 mai 2012 au 14 mai 2017."
fr,Nicolas,Sarkozy,"Nicolas Sarkozy, né le 28 janvier 1955 dans le Paris 17 e, est un homme d'État français. Il est président de la République française du 16 mai 2007 au 15 mai 2012."
fr,François,Mitterrand,"François Mitterrand, né le 26 octobre 1916 à Jarnac et mort le 8 janvier 1996 dans le 7 e arrondissement de Paris, est un homme d'État français. Il est président de la République française du 21 mai 1981 au 17 mai 1995."
fr,Charles,de Gaulle,"Charles de Gaulle, couramment appelé le général de Gaulle ou simplement le Général, né le 22 novembre 1890 à Lille et mort le 9 novembre 1970 à Colombey-les-Deux-Églises, est un militaire, résistant, homme d'État et écrivain français. Pendant la Seconde Guerre mondiale, Charles de Gaulle a fondé la France libre; à la Libération, il préside le gouvernement provisoire à partir de 1944 jusqu'en 1946. Instigateur de la V e République, il en a été le premier président du 8 janvier 1959 au 28 avril 1969."
fr,Jacques,Chirac,"Jacques Chirac, né le 29 novembre 1932 dans le 5 e arrondissement de Paris et mort le 26 septembre 2019 dans le 6 e arrondissement de la même ville, est un homme d'État français. Il est Premier ministre du 27 mai 1974 au 25 août 1976 et du 20 mars 1986 au 10 mai 1988, et président de la République française du 17 mai 1995 au 16 mai 2007."
fr,Valéry,Giscard d'Estaing,"Valéry Giscard d'Estaing, communément appelé « Giscard » et également connu sous ses initiales VGE, né le 2 février 1926 à Coblence et mort le 2 décembre 2020 à Authon, est un homme d'État français. Il est président de la République française du 27 mai 1974 au 21 mai 1981."
fr,Georges,Pompidou,"Georges Pompidou, né le 5 juillet 1911 à Montboudif et mort le 2 avril 1974 dans le 4 e arrondissement de Paris, est un haut fonctionnaire et homme d'État français. Il est Premier ministre du 14 avril 1962 au 10 juillet 1968 et président de la République française du 20 juin 1969 jusqu'à sa mort."
fr,Adolphe,Thiers,"Adolphe Thiers, né le 15 avril 1797 à Marseille et mort le 3 septembre 1877 à Saint-Germain-en-Laye, est un avocat, journaliste, historien et homme d'État français."
fr,Napoléon,Bonaparte,"Louis-Napoléon Bonaparte, né le 20 avril 1808 à Paris et mort le 9 janvier 1873 à Chislehurst, est un monarque et homme d'État français. Il est à la fois l'unique président de la Deuxième République, le premier chef d'État français élu au suffrage universel masculin le 10 décembre 1848, le premier président de la République française et, après la proclamation de l' Empire le 2 décembre 1852, le dernier monarque du pays en tant qu' empereur des Français sous le nom de Napoléon III."
fr,Paul,Doumer,"Joseph Athanase Doumer, dit Paul Doumer, né le 22 mars 1857 à Aurillac et mort assassiné le 7 mai 1932 à Paris, est un homme d'État français. Il est président de la République du 13 juin 1931 à sa mort."
fr,Alain,Poher,"Alain Poher, né le 17 avril 1909 à Ablon-sur-Seine et mort le 9 décembre 1996 à Paris 16 e, est un homme d'État français. Président du Sénat de 1968 à 1992, il exerce à ce titre les fonctions de président de la République par intérim en 1969 et 1974."
fr,Albert,Lebrun,"Albert Lebrun, né le 29 août 1871 à Mercy-le-Haut et mort le 6 mars 1950 à Paris, est un homme d'État français. Il est président de la République française du 10 mai 1932 au 11 juillet 1940."
fr,René,Coty,"René Coty, né le 20 mars 1882 au Havre et mort le 22 novembre 1962 dans la même ville, est un homme d'État français. Il est président de la République du 16 janvier 1954 au 8 janvier 1959."
fr,Vincent,Auriol,"Vincent Auriol, né le 27 août 1884 à Revel et mort le 1 er janvier 1966 à Paris, est un homme d'État français. Il est président de la République du 16 janvier 1947 au 16 janvier 1954."
fr,Patrice,de Mac Mahon,"Patrice de Mac Mahon, comte de Mac Mahon, 1 er duc de Magenta, maréchal de France, né le 13 juin 1808 au château de Sully et mort le 17 octobre 1893 à Montcresson, est un officier militaire, administrateur colonial et homme d’État français, président de la République du 24 mai 1873 au 30 janvier 1879."
fr,Émile,Loubet,"Émile Loubet, né le 30 décembre 1838 à Marsanne et mort le 20 décembre 1929 à Montélimar, est un homme d'État français. Il est président de la République française du 18 février 1899 au 18 février 1906."
fr,Raymond,Poincaré,"Raymond Poincaré, né le 20 août 1860 à Bar-le-Duc et mort le 15 octobre 1934 à Paris, est un avocat et homme d'État français. Il est le président de la République française du 18 février 1913 au 18 février 1920."
fr,Marie,Carnot,"Sadi Carnot, né le 11 août 1837 à Limoges et mort assassiné le 25 juin 1894 à Lyon, est un homme d'État français, président de la République du 3 décembre 1887 à sa mort."
fr,Alexandre,Millerand,"Alexandre Millerand, né le 10 février 1859 à Paris et mort le 6 avril 1943 à Versailles, est un homme d'État français. Il est président du Conseil du 20 janvier au 23 septembre 1920, puis président de la République du 23 septembre 1920 au 11 juin 1924."
fr,Gaston,Doumergue,"Gaston Doumergue, né le 1 er août 1863 à Aigues-Vives et mort le 18 juin 1937 dans la même ville, est un homme d'État français. Il est président de la République française du 13 juin 1924 au 13 juin 1931."
fr,Félix,Faure,"Félix Faure, né le 30 janvier 1841 à Paris et mort le 16 février 1899 dans la même ville, est un homme d'État français. Il est président de la République du 17 janvier 1895 à sa mort."
fr,Jules,Grévy,"Jules Grévy, né le 15 août 1807 à Mont-sous-Vaudrey et mort le 9 septembre 1891 dans la même commune, est un homme d'État français, président de la République du 30 janvier 1879 au 2 décembre 1887."
fr,Clément,Fallières,"Armand Fallières, né le 6 novembre 1841 à Mézin et mort le 22 juin 1931 à Villeneuve-de-Mézin, est un homme d'État français, président de la République française de 1906 à 1913."
fr,Paul,Deschanel,"Paul Deschanel, né le 13 février 1855 à Schaerbeek et mort le 28 avril 1922 à Paris, est un homme d'État, journaliste et écrivain français, président de la République du 18 février au 21 septembre 1920."
fr,Georges,Bidault,"Georges Bidault, né le 5 octobre 1899 à Moulins et mort le 27 janvier 1983 à Cambo-les-Bains, est un résistant et homme d'État français."
fr,Jean,Casimir-Perier,"Jean Casimir-Perier, né le 8 novembre 1847 à Paris et mort le 11 mars 1907 dans la même ville, est un homme d'État français. Il est président de la République française du 27 juin 1894 au 16 janvier 1895."
fr,Charles,Dupuy,"Charles Dupuy, né le 5 novembre 1851 au Puy-en-Velay et mort le 23 juillet 1923 à Ille-sur-Têt, est un homme d'État français. Il occupe à plusieurs reprises la fonction de président du Conseil sous la III e République, entre 1893 et 1899. Il est également président de la Chambre des députés de 1893 à 1894."
fr,Louis,Cavaignac,"Louis Eugène Cavaignac, connu aussi sous le nom de général Cavaignac, né le 15 octobre 1802 à Paris et mort le 28 octobre 1857 dans son château d'Ourne à Flée, est un général et homme d'État français."
fr,Louis,None,"Louis Jules Trochu, né au Palais à Belle-Île-en-Mer le 12 mars 1815 et mort à Tours le 7 octobre 1896, est un général de division et homme d'État français sous le Second Empire."
fr,Frédéric,None,"Frédéric François-Marsal, né le 16 mars 1874 à Paris 8 e et mort le 20 mai 1958 à Gisors, est un homme d'affaires et un homme politique français de la droite républicaine, dont la carrière politique a culminé avec son bref passage à la présidence du Conseil en 1924."
fr,Emmanuel,Macron,"Emmanuel Macron, né le 21 décembre 1977 à Amiens, est un haut fonctionnaire, banquier d'affaires et homme d'État français. Il est président de la République française depuis le 14 mai 2017."
ru,Vladimir,Putin,"Влади́мир Влади́мирович Пу́тин — российский государственный и политический деятель. Действующий президент Российской Федерации, председатель Государственного Совета Российской Федерации и Совета Безопасности Российской Федерации; Верховный главнокомандующий Вооружёнными силами Российской Федерации с 7 мая 2012 года. Ранее занимал должность президента с 7 мая 2000 по 7 мая 2008 года, также в 1999—2000 и 2008—2012 годах занимал должность председателя правительства Российской Федерации. Фактически руководит Россией, по разным оценкам, с 1999 или с 2000 года."
ru,Dmitry,Medvedev,иностранные:
ru,Boris,Yeltsin,"Бори́с Никола́евич Е́льцин, Бутка, Буткинский район, Уральская область, РСФСР, СССР — 23 апреля 2007, Москва, Россия ) — советский и российский партийный, государственный и политический деятель, первый Президент Российской Федерации ➤; в ноябре 1991 — июне 1992 года одновременно возглавлял правительство России. С марта по май 1992 года исполнял обязанности министра обороны Российской Федерации."
